Title,Code,O2 % in Gas,DVIS 5 Time Limit,Surface Interval Hours,Depth (msw),Dive Time (min),till 1st stop,21       air,18     air,15     air,12     air,9        air,12 oxygen,9        air,9  oxygen,6         air,6  oxygen,3       air,3  oxygen,Total deco time (min),Total OTU,Total ESOT,
"Dry or wet bell air diving, air-oxygen decompression tables",BOX15,20.9,240,12,12,150,0.3,,,,,,10,,,,,,,11.2,24,61,1
"Dry or wet bell air diving, air-oxygen decompression tables",BOX15,20.9,240,12,12,170,0.3,,,,,,15,,,,,,,16.2,35,91,0
"Dry or wet bell air diving, air-oxygen decompression tables",BOX15,20.9,240,12,12,190,0.3,,,,,,20,,,,,,,21.2,47,121,1
"Dry or wet bell air diving, air-oxygen decompression tables",BOX15,20.9,240,12,12,240,0.3,,,,,,20,5,5,,,,,31.2,57,143,3
"Dry or wet bell air diving, air-oxygen decompression tables",BOX15,20.9,180,12,15,90,0.6,,,,,,15,,,,,,,16.5,43,91,1
"Dry or wet bell air diving, air-oxygen decompression tables",BOX15,20.9,180,12,15,120,0.6,,,,,,20,,,,,,,21.5,57,121,0
"Dry or wet bell air diving, air-oxygen decompression tables",BOX15,20.9,180,12,15,130,0.6,,,,,,20,5,5,,,,,31.5,68,143,1
"Dry or wet bell air diving, air-oxygen decompression tables",BOX15,20.9,180,12,15,150,0.6,,,,,,20,5,10,,,,,36.5,79,165,0
"Dry or wet bell air diving, air-oxygen decompression tables",BOX15,20.9,180,12,15,170,0.6,,,,,,20,5,15,,,,,41.5,90,186,1
"Dry or wet bell air diving, air-oxygen decompression tables",BOX15,20.9,180,12,15,190,0.6,,,,,,20,5,20,,,,,46.5,101,208,0
"Dry or wet bell air diving, air-oxygen decompression tables",BOX15,20.9,180,12,15,210,0.6,,,,,,20,5,20,5,5,,,56.5,113,223,1
"Dry or wet bell air diving, air-oxygen decompression tables",BOX15,20.9,180,12,15,230,0.6,,,,,,20,5,20,5,10,,,61.5,124,237,0
"Dry or wet bell air diving, air-oxygen decompression tables",BOX15,20.9,180,12,15,240,0.6,,,,,,20,5,20,5,15,,,66.5,134,252,3
"Dry or wet bell air diving, air-oxygen decompression tables",BOX15,20.9,120,12,18,60,0.9,,,,,,15,,,,,,,16.8,49,109,1
"Dry or wet bell air diving, air-oxygen decompression tables",BOX15,20.9,120,12,18,70,0.9,,,,,,20,,,,,,,21.8,64,142,0
"Dry or wet bell air diving, air-oxygen decompression tables",BOX15,20.9,120,12,18,80,0.9,,,,,,20,5,,,,,,26.8,66,145,1
"Dry or wet bell air diving, air-oxygen decompression tables",BOX15,20.9,120,12,18,100,0.9,,,,,,20,5,5,,,,,31.8,80,173,0
"Dry or wet bell air diving, air-oxygen decompression tables",BOX15,20.9,120,12,18,110,0.9,,,,,,20,5,10,,,,,36.8,92,197,1
"Dry or wet bell air diving, air-oxygen decompression tables",BOX15,20.9,120,12,18,120,0.9,,,,,,20,5,15,,,,,41.8,104,222,0
"Dry or wet bell air diving, air-oxygen decompression tables",BOX15,20.9,120,12,18,130,0.9,,,,,,20,5,20,,,,,46.8,116,247,1
"Dry or wet bell air diving, air-oxygen decompression tables",BOX15,20.9,120,12,18,140,0.9,,,,,,20,5,20,5,5,,,56.8,128,264,0
"Dry or wet bell air diving, air-oxygen decompression tables",BOX15,20.9,120,12,18,160,0.9,,,,,,20,5,20,5,10,,,61.8,143,285,1
"Dry or wet bell air diving, air-oxygen decompression tables",BOX15,20.9,120,12,18,170,0.9,,,,,,20,5,20,5,15,,,66.8,155,303,0
"Dry or wet bell air diving, air-oxygen decompression tables",BOX15,20.9,120,12,18,180,0.9,,,,,,20,5,20,5,20,,,71.8,167,320,3
"Dry or wet bell air diving, air-oxygen decompression tables",BOX15,20.9,90,12,21,40,1.2,,,,,,10,,,,,,,12.1,38,76,1
"Dry or wet bell air diving, air-oxygen decompression tables",BOX15,20.9,90,12,21,50,1.2,,,,,,15,,,,,,,17.1,54,110,0
"Dry or wet bell air diving, air-oxygen decompression tables",BOX15,20.9,90,12,21,60,1.2,,,,,,20,5,,,,,,27.1,69,144,1
"Dry or wet bell air diving, air-oxygen decompression tables",BOX15,20.9,90,12,21,70,1.2,,,,,,20,5,5,,,,,32.1,83,170,0
"Dry or wet bell air diving, air-oxygen decompression tables",BOX15,20.9,90,12,21,80,1.2,,,,,,20,5,10,,,,,37.1,96,195,1
"Dry or wet bell air diving, air-oxygen decompression tables",BOX15,20.9,90,12,21,90,1.2,,,,,,20,5,15,,,,,42.1,109,220,0
"Dry or wet bell air diving, air-oxygen decompression tables",BOX15,20.9,90,12,21,100,1.2,,,,,,20,5,20,,,,,47.1,123,246,1
"Dry or wet bell air diving, air-oxygen decompression tables",BOX15,20.9,90,12,21,110,1.2,,,,,,20,5,20,5,5,,,57.1,136,264,0
"Dry or wet bell air diving, air-oxygen decompression tables",BOX15,20.9,90,12,21,120,1.2,,,,,,20,5,20,5,10,,,62.1,149,283,1
"Dry or wet bell air diving, air-oxygen decompression tables",BOX15,20.9,90,12,21,130,1.2,,,,,,20,5,20,5,15,,,67.1,163,301,0
"Dry or wet bell air diving, air-oxygen decompression tables",BOX15,20.9,90,12,21,140,1.2,,,,,,20,5,20,5,20,,,72.1,176,319,1
"Dry or wet bell air diving, air-oxygen decompression tables",BOX15,20.9,90,12,21,150,1.2,,,,,,20,5,20,5,20,5,5,82.1,189,332,0
"Dry or wet bell air diving, air-oxygen decompression tables",BOX15,20.9,90,12,21,160,1.2,,,,,,20,5,20,5,20,5,10,87.1,203,345,1
"Dry or wet bell air diving, air-oxygen decompression tables",BOX15,20.9,90,12,21,170,1.2,,,,,,20,5,20,5,20,5,15,92.1,216,358,0
"Dry or wet bell air diving, air-oxygen decompression tables",BOX15,20.9,90,12,21,180,1.2,,,,,,20,5,20,5,20,5,20,97.1,229,371,3
"Dry or wet bell air diving, air-oxygen decompression tables",BOX15,20.9,70,12,24,30,1.5,,,,,,10,,,,,,,12.4,39,75,1
"Dry or wet bell air diving, air-oxygen decompression tables",BOX15,20.9,70,12,24,40,1.5,,,,,,15,,,,,,,17.4,55,110,0
"Dry or wet bell air diving, air-oxygen decompression tables",BOX15,20.9,70,12,24,50,1.5,,,,,,20,5,5,,,,,32.4,82,167,1
"Dry or wet bell air diving, air-oxygen decompression tables",BOX15,20.9,70,12,24,70,1.5,,,,,,20,5,10,,,,,37.4,101,198,0
"Dry or wet bell air diving, air-oxygen decompression tables",BOX15,20.9,70,12,24,80,1.5,,,,,,20,5,20,,,,,47.4,125,246,1
"Dry or wet bell air diving, air-oxygen decompression tables",BOX15,20.9,70,12,24,90,1.5,,,,,,20,5,20,5,5,,,57.4,140,265,0
"Dry or wet bell air diving, air-oxygen decompression tables",BOX15,20.9,70,12,24,100,1.5,,,,,,20,5,20,5,15,,,67.4,164,299,1
"Dry or wet bell air diving, air-oxygen decompression tables",BOX15,20.9,70,12,24,110,1.5,,,,,,20,5,20,5,20,,,72.4,179,318,0
"Dry or wet bell air diving, air-oxygen decompression tables",BOX15,20.9,70,12,24,120,1.5,,,,,,20,5,20,5,20,5,5,82.4,193,332,1
"Dry or wet bell air diving, air-oxygen decompression tables",BOX15,20.9,70,12,24,130,1.5,,,,,,20,5,20,5,20,5,10,87.4,208,346,0
"Dry or wet bell air diving, air-oxygen decompression tables",BOX15,20.9,70,12,24,140,1.2,,,,,1,20,5,20,5,20,5,20,98.4,232,368,1
"Dry or wet bell air diving, air-oxygen decompression tables",BOX15,20.9,70,12,24,150,1.2,,,,,3,20,5,20,5,20,5,25,105.4,247,382,0
"Dry or wet bell air diving, air-oxygen decompression tables",BOX15,20.9,70,12,24,160,1.2,,,,,4,20,5,20,5,20,5,30,111.4,261,396,3
"Dry or wet bell air diving, air-oxygen decompression tables",BOX15,20.9,60,12,27,30,1.8,,,,,,15,,,,,,,17.7,54,109,1
"Dry or wet bell air diving, air-oxygen decompression tables",BOX15,20.9,60,12,27,40,1.8,,,,,,20,5,,,,,,27.7,72,145,0
"Dry or wet bell air diving, air-oxygen decompression tables",BOX15,20.9,60,12,27,50,1.8,,,,,,20,5,10,,,,,37.7,97,194,1
"Dry or wet bell air diving, air-oxygen decompression tables",BOX15,20.9,60,12,27,60,1.8,,,,,,20,5,15,,,,,42.7,113,221,0
"Dry or wet bell air diving, air-oxygen decompression tables",BOX15,20.9,60,12,27,70,1.8,,,,,,20,5,20,5,,,,52.7,129,248,1
"Dry or wet bell air diving, air-oxygen decompression tables",BOX15,20.9,60,12,27,80,1.8,,,,,,20,5,20,5,10,,,62.7,154,283,0
"Dry or wet bell air diving, air-oxygen decompression tables",BOX15,20.9,60,12,27,90,1.8,,,,,,20,5,20,5,20,,,72.7,180,318,1
"Dry or wet bell air diving, air-oxygen decompression tables",BOX15,20.9,60,12,27,100,1.5,,,,,3,20,5,20,5,20,5,5,85.7,196,333,0
"Dry or wet bell air diving, air-oxygen decompression tables",BOX15,20.9,60,12,27,110,1.5,,,,,7,20,5,20,5,20,5,10,94.7,211,347,1
"Dry or wet bell air diving, air-oxygen decompression tables",BOX15,20.9,60,12,27,120,1.5,,,,,10,20,5,20,5,20,5,20,107.7,237,371,0
"Dry or wet bell air diving, air-oxygen decompression tables",BOX15,20.9,60,12,27,130,1.5,,,,,13,20,5,20,5,20,5,30,120.7,262,395,3
"Dry or wet bell air diving, air-oxygen decompression tables",BOX15,20.9,50,12,30,20,2.1,,,,,,10,,,,,,,13,39,75,1
"Dry or wet bell air diving, air-oxygen decompression tables",BOX15,20.9,50,12,30,30,2.1,,,,,,20,,,,,,,23,70,143,0
"Dry or wet bell air diving, air-oxygen decompression tables",BOX15,20.9,50,12,30,40,2.1,,,,,,20,5,5,,,,,33,86,171,1
"Dry or wet bell air diving, air-oxygen decompression tables",BOX15,20.9,50,12,30,50,1.8,,,,,1,20,5,15,,,,,44,113,221,0
"Dry or wet bell air diving, air-oxygen decompression tables",BOX15,20.9,50,12,30,60,1.8,,,,,1,20,5,20,,,,,49,130,249,1
"Dry or wet bell air diving, air-oxygen decompression tables",BOX15,20.9,50,12,30,70,1.8,,,,,3,20,5,20,5,10,,,66,156,285,0
"Dry or wet bell air diving, air-oxygen decompression tables",BOX15,20.9,50,12,30,80,1.8,,,,,5,20,5,20,5,20,,,78,183,321,1
"Dry or wet bell air diving, air-oxygen decompression tables",BOX15,20.9,50,12,30,90,1.8,,,,,11,20,5,20,5,20,5,5,94,200,337,0
"Dry or wet bell air diving, air-oxygen decompression tables",BOX15,20.9,50,12,30,100,1.8,,,,,15,20,5,20,5,20,5,15,108,226,362,1
"Dry or wet bell air diving, air-oxygen decompression tables",BOX15,20.9,50,12,30,110,1.8,,,,,19,20,5,20,5,20,5,25,122,253,387,3
"Dry or wet bell air diving, air-oxygen decompression tables",BOX15,20.9,40,12,33,20,2.4,,,,,,10,,,,,,,13.3,41,78,1
"Dry or wet bell air diving, air-oxygen decompression tables",BOX15,20.9,40,12,33,30,2.1,,,,,1,20,5,,,,,,29.3,73,147,0
"Dry or wet bell air diving, air-oxygen decompression tables",BOX15,20.9,40,12,33,40,2.1,,,,,2,20,5,10,,,,,40.3,101,198,1
"Dry or wet bell air diving, air-oxygen decompression tables",BOX15,20.9,40,12,33,50,2.1,,,,,3,20,5,20,,,,,51.3,128,249,0
"Dry or wet bell air diving, air-oxygen decompression tables",BOX15,20.9,40,12,33,60,2.1,,,,,6,20,5,20,5,10,,,69.3,156,286,1
"Dry or wet bell air diving, air-oxygen decompression tables",BOX15,20.9,40,12,33,70,2.1,,,,,9,20,5,20,5,20,,,82.3,184,324,0
"Dry or wet bell air diving, air-oxygen decompression tables",BOX15,20.9,40,12,33,80,1.8,,,,1,15,20,5,20,5,20,5,10,104.3,211,349,1
"Dry or wet bell air diving, air-oxygen decompression tables",BOX15,20.9,40,12,33,90,1.8,,,,2,20,20,5,20,5,20,5,20,120.3,239,376,0
"Dry or wet bell air diving, air-oxygen decompression tables",BOX15,20.9,40,12,33,100,1.8,,,,6,21,20,5,20,5,20,5,30,135.3,267,402,3
"Dry or wet bell air diving, air-oxygen decompression tables",BOX15,20.9,35,12,36,20,2.7,,,,,,15,,,,,,,18.6,55,112,1
"Dry or wet bell air diving, air-oxygen decompression tables",BOX15,20.9,35,12,36,30,2.4,,,,,3,20,5,5,,,,,36.6,86,173,0
"Dry or wet bell air diving, air-oxygen decompression tables",BOX15,20.9,35,12,36,40,2.1,,,,1,3,20,5,15,,,,,47.6,115,225,1
"Dry or wet bell air diving, air-oxygen decompression tables",BOX15,20.9,35,12,36,50,2.1,,,,1,7,20,5,20,5,5,,,66.6,144,271,0
"Dry or wet bell air diving, air-oxygen decompression tables",BOX15,20.9,35,12,36,60,2.1,,,,2,8,20,5,20,5,20,,,83.6,182,324,1
"Dry or wet bell air diving, air-oxygen decompression tables",BOX15,20.9,35,12,36,70,2.1,,,,4,15,20,5,20,5,20,5,5,102.6,201,342,0
"Dry or wet bell air diving, air-oxygen decompression tables",BOX15,20.9,35,12,36,80,2.1,,,,6,20,20,5,20,5,20,5,20,124.6,240,379,1
"Dry or wet bell air diving, air-oxygen decompression tables",BOX15,20.9,35,12,36,85,2.1,,,,9,21,20,5,20,5,20,5,25,133.6,255,392,0
"Dry or wet bell air diving, air-oxygen decompression tables",BOX15,20.9,35,12,36,90,2.1,,,,12,21,20,5,20,5,20,5,30,141.6,269,406,3
"Dry or wet bell air diving, air-oxygen decompression tables",BOX15,20.9,30,12,39,10,3,,,,,,10,,,,,,,13.9,36,74,1
"Dry or wet bell air diving, air-oxygen decompression tables",BOX15,20.9,30,12,39,20,2.7,,,,,1,15,,,,,,,19.9,58,115,0
"Dry or wet bell air diving, air-oxygen decompression tables",BOX15,20.9,30,12,39,30,2.4,,,,1,3,20,5,10,,,,,42.9,99,199,1
"Dry or wet bell air diving, air-oxygen decompression tables",BOX15,20.9,30,12,39,40,2.4,,,,3,4,20,5,20,,,,,55.9,129,253,0
"Dry or wet bell air diving, air-oxygen decompression tables",BOX15,20.9,30,12,39,50,2.4,,,,3,9,20,5,20,5,15,,,80.9,169,308,1
"Dry or wet bell air diving, air-oxygen decompression tables",BOX15,20.9,30,12,39,60,2.1,,,1,6,13,20,5,20,5,20,5,5,103.9,199,342,0
"Dry or wet bell air diving, air-oxygen decompression tables",BOX15,20.9,30,12,39,70,2.1,,,1,8,20,20,5,20,5,20,5,15,122.9,229,371,1
"Dry or wet bell air diving, air-oxygen decompression tables",BOX15,20.9,30,12,39,75,2.1,,,2,11,20,20,5,20,5,20,5,25,136.9,254,394,0
"Dry or wet bell air diving, air-oxygen decompression tables",BOX15,20.9,30,12,39,80,2.1,,,3,13,21,20,5,20,5,20,5,30,145.9,269,409,3
"Dry or wet bell air diving, air-oxygen decompression tables",BOX15,20.9,30,12,42,10,3.3,,,,,,10,,,,,,,14.2,37,77,1
"Dry or wet bell air diving, air-oxygen decompression tables",BOX15,20.9,30,12,42,20,2.7,,,,1,2,20,,,,,,,27.2,72,149,0
"Dry or wet bell air diving, air-oxygen decompression tables",BOX15,20.9,30,12,42,30,2.7,,,,3,3,20,5,15,,,,,50.2,113,226,1
"Dry or wet bell air diving, air-oxygen decompression tables",BOX15,20.9,30,12,42,40,2.4,,,1,3,7,20,5,20,5,5,,,70.2,144,274,0
"Dry or wet bell air diving, air-oxygen decompression tables",BOX15,20.9,30,12,42,50,2.4,,,2,6,9,20,5,20,5,20,,,91.2,185,330,1
"Dry or wet bell air diving, air-oxygen decompression tables",BOX15,20.9,30,12,42,60,2.4,,,3,7,19,20,5,20,5,20,5,10,118.2,216,361,0
"Dry or wet bell air diving, air-oxygen decompression tables",BOX15,20.9,30,12,42,65,2.4,,,4,9,21,20,5,20,5,20,5,20,133.2,241,385,1
"Dry or wet bell air diving, air-oxygen decompression tables",BOX15,20.9,30,12,42,70,2.4,,,5,13,20,20,5,20,5,20,5,25,142.2,257,400,3
"Dry or wet bell air diving, air-oxygen decompression tables",BOX15,20.9,25,12,45,10,3.3,,,,,1,10,,,,,,,15.5,38,79,1
"Dry or wet bell air diving, air-oxygen decompression tables",BOX15,20.9,25,12,45,20,3,,,,1,3,20,5,5,,,,,38.5,84,175,0
"Dry or wet bell air diving, air-oxygen decompression tables",BOX15,20.9,25,12,45,30,2.7,,,1,3,4,20,5,15,,,,,52.5,116,232,1
"Dry or wet bell air diving, air-oxygen decompression tables",BOX15,20.9,25,12,45,40,2.7,,,3,4,8,20,5,20,5,10,,,79.5,158,297,0
"Dry or wet bell air diving, air-oxygen decompression tables",BOX15,20.9,25,12,45,50,2.4,,1,3,7,15,20,5,20,5,20,5,5,110.5,200,349,1
"Dry or wet bell air diving, air-oxygen decompression tables",BOX15,20.9,25,12,45,60,2.4,,1,6,10,21,20,5,20,5,20,5,20,137.5,243,390,0
"Dry or wet bell air diving, air-oxygen decompression tables",BOX15,20.9,25,12,45,65,2.4,,1,7,14,21,20,5,20,5,20,5,30,152.5,269,415,3
"Dry or wet bell air diving, air-oxygen decompression tables",BOX15,20.9,25,12,48,10,3.6,,,,,1,10,,,,,,,15.8,40,82,1
"Dry or wet bell air diving, air-oxygen decompression tables",BOX15,20.9,25,12,48,20,3,,,1,2,3,20,5,5,,,,,40.8,87,179,0
"Dry or wet bell air diving, air-oxygen decompression tables",BOX15,20.9,25,12,48,30,3,,,3,3,6,20,5,20,,,,,61.8,130,260,1
"Dry or wet bell air diving, air-oxygen decompression tables",BOX15,20.9,25,12,48,40,2.7,,2,3,5,9,20,5,20,5,20,,,93.8,183,334,0
"Dry or wet bell air diving, air-oxygen decompression tables",BOX15,20.9,25,12,48,50,2.7,,2,5,8,19,20,5,20,5,20,5,10,123.8,216,368,1
"Dry or wet bell air diving, air-oxygen decompression tables",BOX15,20.9,25,12,48,55,2.7,,3,6,11,20,20,5,20,5,20,5,20,139.8,243,394,0
"Dry or wet bell air diving, air-oxygen decompression tables",BOX15,20.9,25,12,48,60,2.7,,4,6,16,20,20,5,20,5,20,5,30,155.8,270,421,3
"Dry or wet bell air diving, air-oxygen decompression tables",BOX15,20.9,20,12,51,10,3.6,,,,1,1,10,,,,,,,17.1,41,85,1
"Dry or wet bell air diving, air-oxygen decompression tables",BOX15,20.9,20,12,51,20,3.3,,,1,3,3,20,5,10,,,,,47.1,99,206,0
"Dry or wet bell air diving, air-oxygen decompression tables",BOX15,20.9,20,12,51,30,3,,1,3,3,8,20,5,20,5,5,,,75.1,143,281,1
"Dry or wet bell air diving, air-oxygen decompression tables",BOX15,20.9,20,12,51,40,3,,3,3,7,13,20,5,20,5,20,5,,106.1,188,343,0
"Dry or wet bell air diving, air-oxygen decompression tables",BOX15,20.9,20,12,51,50,2.7,1,3,7,10,21,20,5,20,5,20,5,20,142.1,242,397,1
"Dry or wet bell air diving, air-oxygen decompression tables",BOX15,20.9,20,12,51,55,2.7,2,4,7,15,21,20,5,20,5,20,5,30,159.1,270,425,2
